source,relation,target
functions,guides,aroma
connections,influences,olfaction
appreciation,enhances,memories
chemical reactions,triggers,memories
aromatherapy,utilizes,nostalgia
chemical reactions,affects,aroma
olfactory system,guides,food choices
aroma,enhances,psychological well-being
memories,influences,behavior
chemical reactions,complicates,complexity
alternative medicine,informs,Proustian effect
aroma,evokes,beauty
memories,triggers,psychological well-being
fragrance industry,promotes,well-being
appreciation,increases,food choices
limbic system,interacts with,olfactory epithelium
fragrance industry,influences,food choices
aroma,evokes,nostalgia
chemical reactions,triggers,emotions
chemical reactions,provides,insights
ancestors,influences,food choices
smell,serves,functions
emotions,affects,psychological well-being
aromatherapy,utilizes,aroma
emotions,influences,functions
olfactory epithelium,guides,food choices
odor molecules,influences,human senses
Proustian effect,evokes,emotions
odor molecules,triggers,brain signals
mate identification,binds to,receptors
behavioral influence,affects,aroma
odor molecules,affects,emotions
aromatherapy,influences,emotions
aromatherapy,enhances,well-being
limbic system,influences,human senses
insights,derived from,appreciation
appreciation,valued by,alternative medicine
fragrance industry,affects,emotions
nostalgia,influences,behavioral influence
chemical reactions,triggered by,memories recall
aromatherapy,affects,behavior
danger warning,serves as,mysteries
childhood memories,enhances,psychological well-being
odor molecules,alerts to,danger warning
behavioral influence,enables,therapeutic applications
danger warning,alerts to,food detection
fragrance industry,benefits from,therapeutic applications
nostalgia,influences,psychological therapy
childhood memories,provides,therapeutic effects
nasal cavity,alerts to,danger warning
emotional responses,triggers,Proustian effect
alternative medicine,utilizes,psychological well-being
appreciation,evokes,mysteries
unique preferences,influences,food choices
fragrance industry,benefits from,physical well-being
aroma,influenced by,behavior
appreciation,appreciated by,brain signals
complexity,is a component of,olfaction
odor molecules,interacts with,olfactory system
evolution,influences,connections
alternative medicine,utilized in,nostalgia
olfactory epithelium,provides,insights
beauty,is a characteristic of,functions
appreciation,is appreciated by,Proustian effect
mysteries,is a part of,beauty
appreciation,is valued by,nostalgia
predators,threatens,ancestors
chemical reactions,triggers,Proustian effect
memories,is associated with,alternative medicine
therapeutic effects,affects,behavior
smell,is appreciated for,beauty
aroma,is influenced by,memories
olfactory system,is a component of,olfaction
limbic system,interacts with,receptors
receptors,is essential for,survival
well-being,contributes to,survival
aromatherapy,is a form of,alternative medicine
appreciation,is valued for,smell
human senses,warns about,danger warning
survival,drives,fragrance industry
behavior,is influenced by,emotions
social influence,influences,food choices
Proustian effect,is affected by,psychological well-being
scents in culture,applies to,therapeutic applications
social influence,affected by,lasting impressions
survival,is essential for,beauty
predators,threatens,nasal cavity
functions,is a function of,nasal cavity
behavior,triggers,emotional triggers
mysteries,is a mystery of,nasal cavity
connections,is influenced by,olfactory system
predators,influences,connections
nasal cavity,detects,food detection
appreciation,is appreciated for,emotions
smell,associated with,nasal cavity
food choices,influences,aroma
emotions,evokes,beauty
insights,provides,alternative medicine
complexity,reveals,mysteries
insights,provides,evolution
nostalgia,triggers,Proustian effect
fragrance industry,influences,behavior
complexity,associated with,predators
odor molecules,triggers,Proustian effect
survival,supports,nasal cavity
chemical reactions,drives,fragrance industry
limbic system,processes,odor molecules
insights,provides,mysteries
evolution,influences,limbic system
evolution,informs,survival
aromatherapy,triggers,Proustian effect
behavior,influences,survival
olfactory epithelium,enables,olfaction
functions,describes,complexity
appreciation,enhances,aroma
insights,provides,predators
appreciation,enhances,therapeutic effects
well-being,improves,aroma
receptors,influences,beauty
memories,evokes,emotions
alternative medicine,influences,food choices
human senses,influences,smell
complex interactions,affects,behavior
therapeutic applications,involves,fragrance preferences
smell,describes,complexity
fragrance industry,influences,beauty
childhood memories,evokes,emotional impact
memories,evokes,well-being
mate identification,guides,food choices
behavioral influence,shapes,emotions
olfactory epithelium,informs,mysteries
memories recall,triggers,brain signals
emotional responses,influences,mate identification
psychological therapy,utilizes,brain signals
social influence,affects,therapeutic effects
personal connections,enhances,therapeutic effects
physical well-being,promotes,appreciation
danger warning,alerts,evolution
lasting impressions,reduces,anxiety reduction
danger warning,alerts,behavior
connections,triggers,Proustian effect
anxiety reduction,affects,emotions
beauty,enhances,physical well-being
functions,describes,olfactory system
survival,supports,geographical variations
unique preferences,guides,food detection
scents in culture,informs,alternative medicine
beauty,holds,importance
childhood memories,enhances,well-being
emotional impact,shapes,behavioral influence
mate identification,triggers,chemical reactions
olfactory epithelium,informs,predators
beauty,influences,relationships
personal connections,enhances,appreciation
chemical reactions,drives,behavior
memories recall,evokes,emotions
complexity,transmits,brain signals
olfactory system,facilitates,food detection
emotional responses,supports,psychological therapy
psychological therapy,influences,emotions
psychological insights,provides,personal connections
limbic system,processes,olfactory system
olfactory system,influences,limbic system
scents in culture,enhances,appreciation
emotional impact,supports,psychological therapy
survival,supports,olfactory system
nasal cavity,contains,receptors
memories recall,triggers,emotional triggers
lasting impressions,enhances,aromatherapy
smell,evokes,olfactory system
fragrance industry,drives,appreciation
emotions,provides,insights
olfaction,offers,insights
food choices,promotes,well-being
ancestors,informs,receptors
survival,encompasses,functions
lasting impressions,is influenced by,aroma
nostalgia,triggers,chemical reactions
predators,is detected by,olfaction
behavioral influence,improves,physical well-being
relationships,influences,food choices
psychological therapy,enhances,well-being
psychological insights,informs,emotions
danger warning,alerts to,beauty
social influence,shapes,memories
fragrance industry,driven by,memories recall
fragrance preferences,shapes,emotional impact
behavioral influence,affects,relationships
fragrance industry,utilizes,psychological therapy
odor molecules,initiates,chemical reactions
olfactory epithelium,performs,functions
social influence,influences,memories recall
childhood memories,provides,psychological insights
human senses,interacts with,receptors
anxiety reduction,facilitates,importance
odor molecules,involves,complex interactions
fragrance industry,is associated with,Proustian effect
aromatherapy,reflects,cultural significance
olfactory epithelium,aids in,food detection
scents in culture,influenced by,psychological well-being
danger warning,alerts to,childhood memories
aromatherapy,involves,chemical reactions
complex interactions,comprises,smell
brain signals,triggered by,lasting impressions
olfactory epithelium,is related to,smell
brain signals,influenced by,social influence
odor molecules,aids in,mate identification
nasal cavity,involves,complex interactions
food choices,affects,evolution
food choices,influences,behavior
unique preferences,affects,receptors
unique preferences,contributes to,well-being
emotions,evokes,lasting impressions
psychological well-being,produces,therapeutic effects
olfactory system,contains,receptors
appreciation,enhances,psychological well-being
nostalgia,triggers,psychological well-being
insights,provides,receptors
behavior,influences,smell
alternative medicine,utilizes,aroma
appreciation,is appreciated by,beauty
therapeutic effects,is influenced by,nostalgia
nasal cavity,is part of,olfactory system
alternative medicine,involves,smell
smell,is significant for,evolution
aromatherapy,supports,psychological well-being
relationships,has,therapeutic effects
human senses,involves,complex interactions
fragrance preferences,influences,memories
childhood memories,serves as,functions
behavioral influence,affects,scents in culture
food choices,guides,physical well-being
childhood memories,strengthens,personal connections
memories recall,facilitates,anxiety reduction
aromatherapy,provides,therapeutic effects
scents preferences,determines,importance
well-being,enhances,lasting impressions
brain signals,transmits,aroma
emotional responses,provides,insights
human senses,aids in,mate identification
psychological insights,informs,therapeutic applications
brain signals,influences,alternative medicine
fragrance industry,is driven by,lasting impressions
aromatherapy,enhances,appreciation
personal connections,shapes,social influence
predators,serves,functions
evolution,is crucial for,olfactory system
psychological insights,highlights,cultural significance
survival,supports,physical well-being
ancestors,is significant for,smell
olfactory epithelium,contains,receptors
complex interactions,involves,receptors
predators,alerts,food detection
alternative medicine,influences,emotions
importance,is crucial for,lasting impressions
psychological insights,affects,behavior
personal connections,triggers,chemical reactions
Proustian effect,is associated with,aroma
food choices,guides,functions
relationships,is influenced by,lasting impressions
smell,is detected by,predators
scents in culture,initiates,chemical reactions
importance,drives,fragrance industry
alternative medicine,is utilized in,anxiety reduction
cultural significance,evokes,memories
behavioral influence,enhances,appreciation
brain signals,is processed by,mysteries
Proustian effect,evokes,memories
odor molecules,enters,nasal cavity
nasal cavity,receives,odor molecules
food choices,influences,smell
alternative medicine,is applied in,memories recall
nasal cavity,has,unique preferences
behavioral influence,shapes,fragrance preferences
social influence,affects,olfaction
insights,provides,functions
nostalgia,evokes,memories
odor molecules,establishes,connections
aroma,is associated with,smell
predators,supports,survival
emotions,is related to,mysteries
unique preferences,influences,olfactory system
behavior,is affected by,lasting impressions
aroma,is influenced by,emotions
functions,supports,well-being
odor molecules,contributes to,complexity
aromatherapy,triggers,memories
alternative medicine,enhances,well-being
insights,provides,Proustian effect
alternative medicine,drives,fragrance industry
olfactory epithelium,is linked to,evolution
smell,is influenced by,well-being
insights,provides,odor molecules
mysteries,is related to,receptors
nostalgia,evokes,lasting impressions
well-being,is connected to,mysteries
fragrance industry,is influenced by,mysteries
unique preferences,is characterized by,smell
Proustian effect,is explained by,complexity
predators,is detected by,receptors
therapeutic effects,has,aroma
olfaction,affects,emotions
complexity,is related to,connections
complex interactions,influences,scents in culture
scents in culture,affected by,complex interactions
odor molecules,binds to,olfactory epithelium
psychological well-being,triggers,chemical reactions
therapeutic effects,influences,memories
well-being,supports,nostalgia
social influence,utilizes,alternative medicine
olfactory epithelium,part of,olfactory system
therapeutic applications,triggers,memories
alternative medicine,influences,behavior
emotional impact,enhances,psychological well-being
physical well-being,associated with,aroma
nostalgia,influences,social influence
emotions,affects,scents preferences
emotional impact,provides,therapeutic effects
personal connections,enhances,aroma
social influence,shapes,fragrance preferences
food detection,offers,insights
lasting impressions,influences,fragrance preferences
relationships,contributes to,well-being
physical well-being,evokes,memories
therapeutic effects,affects,brain signals
odor molecules,shapes,social influence
psychological insights,illustrates,Proustian effect
childhood memories,reflects,cultural significance
scents in culture,influences,aroma
importance,highlights,alternative medicine
survival,relied on by,ancestors
social influence,affects,smell
mate identification,alerts to,danger warning
beauty,influences,mate identification
relationships,shapes,social influence
personal connections,evokes,memories
emotional responses,enhances,aromatherapy
complex interactions,fosters,appreciation
human senses,provides,insights
therapeutic effects,affects,emotions
importance,emphasizes,appreciation
fragrance industry,produces,aroma
emotional impact,enhances,aromatherapy
aromatherapy,shapes,social influence
scents in culture,evokes,memories
relationships,highlights,importance
alternative medicine,varies by,geographical variations
evolution,influences,geographical variations
therapeutic effects,result of,chemical reactions
physical well-being,enhances,memories recall
importance,determines,fragrance preferences
therapeutic effects,triggers,emotional triggers
therapeutic applications,provides,insights
emotional triggers,influences,therapeutic applications
relationships,influences,memories recall
emotional triggers,evokes,aroma
brain signals,transmits,personal connections
odor molecules,enables,olfaction
childhood memories,affects,behavioral influence
limbic system,facilitates,food detection
scents preferences,influences,aroma
social influence,demonstrates,Proustian effect
lasting impressions,triggers,Proustian effect
scents preferences,shapes,therapeutic effects
therapeutic applications,utilizes,relationships
memories,evokes,emotional triggers
aroma,influences,emotional responses
emotional triggers,triggers,physical well-being
personal connections,influences,emotions
nostalgia,provides,psychological insights
childhood memories,supports,psychological therapy
geographical variations,provides,insights
emotional impact,affects,aroma
behavioral influence,initiates,chemical reactions
emotional triggers,triggers,personal connections
memories,evokes,emotional responses
memories recall,illustrates,cultural significance
scents in culture,provides,insights
physical well-being,influences,scents preferences
scents in culture,evokes,emotional triggers
emotional triggers,transmits,brain signals
memories,associated with,emotional impact
alternative medicine,provides,functions
therapeutic effects,enhances,well-being
human senses,guides,food choices
therapeutic applications,promotes,well-being
anxiety reduction,reduces,nostalgia
danger warning,alerts,connections
mate identification,serves,functions
therapeutic effects,influences,fragrance industry
aromatherapy,provides,psychological insights
fragrance industry,triggers,emotional triggers
brain signals,signals,emotional responses
mate identification,aids,food detection
